,real_yield,nominal_yield,dxy,gold_spot,sp500,cpi,gpr
2025-07-01,1.79,4.14,120.5163,4045.0,6714.59,322.132,395.0715850419593
2025-07-01,1.73,4.03,121.5217,4045.0,6671.06,322.132,395.0715850419593
2025-07-01,1.79,4.14,120.5163,3293.2,6714.59,322.132,395.0715850419593
2025-07-11,2.06,4.43,120.3354,,6259.75,,
2025-07-11,2.06,4.43,120.3354,4045.0,6259.75,,
2025-07-14,2.04,4.43,120.6252,4045.0,6268.56,,
2025-07-14,2.04,4.43,120.6252,,6268.56,,
2025-07-15,2.09,4.5,120.9095,4045.0,6243.76,,
2025-07-15,2.09,4.5,120.9095,,6243.76,,
2025-07-16,2.05,4.46,120.8232,,6263.7,,
2025-07-16,2.05,4.46,120.8232,4045.0,6263.7,,
2025-07-17,2.04,4.47,121.0417,4045.0,6297.36,,
2025-07-17,2.04,4.47,121.0417,,6297.36,,
2025-07-18,2.03,4.44,120.7674,,6296.79,,
2025-07-18,2.03,4.44,120.7674,4045.0,6296.79,,
2025-07-21,1.98,4.38,120.4157,,6305.6,,
2025-07-21,1.98,4.38,120.4157,4045.0,6305.6,,
2025-07-22,1.96,4.35,120.1036,,6309.62,,
2025-07-22,1.96,4.35,120.1036,4045.0,6309.62,,
2025-07-23,2.03,4.4,119.9888,4045.0,6358.91,,
2025-07-23,2.03,4.4,119.9888,,6358.91,,
2025-07-24,1.98,4.43,119.9892,4045.0,6363.35,,
2025-07-24,1.98,4.43,119.9892,,6363.35,,
2025-07-25,1.96,4.4,120.4082,4045.0,6388.64,,
2025-07-25,1.96,4.4,120.4082,,6388.64,,
2025-07-28,1.98,4.42,121.0228,,6389.77,,
2025-07-28,1.98,4.42,121.0228,4045.0,6389.77,,
2025-07-29,1.91,4.34,121.3652,,6370.86,,
2025-07-29,1.91,4.34,121.3652,4045.0,6370.86,,
2025-07-30,1.96,4.38,121.7944,,6362.9,,
2025-07-30,1.96,4.38,121.7944,4045.0,6362.9,,
2025-07-31,1.98,4.37,122.1088,,6339.39,,
2025-07-31,1.98,4.37,122.1088,4045.0,6339.39,,
2025-08-01,1.9,4.23,121.6148,3473.7,6238.01,323.364,312.88934138397434
2025-08-01,1.9,4.23,121.6148,4045.0,6238.01,323.364,312.88934138397434
2025-08-01,1.82,4.11,121.342,4045.0,6840.2,323.364,326.8352886643954
2025-08-04,1.85,4.22,121.3757,,6329.94,323.364,312.88934138397434
2025-08-04,1.85,4.22,121.3757,4045.0,6329.94,323.364,312.88934138397434
2025-08-04,1.85,4.22,121.3757,4045.0,6329.94,,
2025-08-05,1.86,4.22,121.3068,4045.0,6299.19,323.364,312.88934138397434
2025-08-05,1.86,4.22,121.3068,,6299.19,323.364,312.88934138397434
2025-08-05,1.86,4.22,121.3068,4045.0,6299.19,,
2025-08-06,1.88,4.22,120.9198,4045.0,6345.06,323.364,312.88934138397434
2025-08-06,1.88,4.22,120.9198,,6345.06,323.364,312.88934138397434
2025-08-06,1.88,4.22,120.9198,4045.0,6345.06,,
2025-08-07,1.88,4.23,120.9142,4045.0,6340.0,323.364,312.88934138397434
2025-08-07,1.88,4.23,120.9142,4045.0,6340.0,,
2025-08-07,1.88,4.23,120.9142,,6340.0,323.364,312.88934138397434
2025-08-08,1.88,4.27,120.7562,,6389.45,323.364,312.88934138397434
2025-08-08,1.88,4.27,120.7562,4045.0,6389.45,,
2025-08-08,1.88,4.27,120.7562,4045.0,6389.45,323.364,312.88934138397434
2025-08-11,1.87,4.27,121.1021,,6373.45,323.364,312.88934138397434
2025-08-11,1.87,4.27,121.1021,4045.0,6373.45,323.364,312.88934138397434
2025-08-11,1.87,4.27,121.1021,4045.0,6373.45,,
2025-08-12,1.91,4.29,120.6964,4045.0,6445.76,,
2025-08-12,1.91,4.29,120.6964,4045.0,6445.76,323.364,312.88934138397434
2025-08-12,1.91,4.29,120.6964,,6445.76,323.364,312.88934138397434
2025-08-13,1.87,4.24,120.5533,4045.0,6466.58,323.364,312.88934138397434
2025-08-13,1.87,4.24,120.5533,,6466.58,323.364,312.88934138397434
2025-08-13,1.87,4.24,120.5533,4045.0,6466.58,,
2025-08-14,1.9,4.29,121.0518,,6468.54,323.364,312.88934138397434
2025-08-14,1.9,4.29,121.0518,4045.0,6468.54,323.364,312.88934138397434
2025-08-14,1.9,4.29,121.0518,4045.0,6468.54,,
2025-08-15,1.95,4.33,120.7606,4045.0,6449.8,,
2025-08-15,1.95,4.33,120.7606,4045.0,6449.8,323.364,312.88934138397434
2025-08-15,1.95,4.33,120.7606,,6449.8,323.364,312.88934138397434
2025-08-18,1.96,4.34,120.9792,4045.0,6449.15,323.364,312.88934138397434
2025-08-18,1.96,4.34,120.9792,,6449.15,323.364,312.88934138397434
2025-08-18,1.96,4.34,120.9792,4045.0,6449.15,,
2025-08-19,1.95,4.3,121.137,4045.0,6411.37,323.364,312.88934138397434
2025-08-19,1.95,4.3,121.137,4045.0,6411.37,,
2025-08-19,1.95,4.3,121.137,,6411.37,323.364,312.88934138397434
2025-08-20,1.94,4.29,121.1828,4045.0,6395.78,323.364,312.88934138397434
2025-08-20,1.94,4.29,121.1828,4045.0,6395.78,,
2025-08-20,1.94,4.29,121.1828,,6395.78,323.364,312.88934138397434
2025-08-21,1.94,4.33,121.485,,6370.17,323.364,312.88934138397434
2025-08-21,1.94,4.33,121.485,4045.0,6370.17,,
2025-08-21,1.94,4.33,121.485,4045.0,6370.17,323.364,312.88934138397434
2025-08-22,1.85,4.26,120.6974,4045.0,6466.91,323.364,312.88934138397434
2025-08-22,1.85,4.26,120.6974,4045.0,6466.91,,
2025-08-22,1.85,4.26,120.6974,,6466.91,323.364,312.88934138397434
2025-08-25,1.87,4.28,120.8298,,6439.32,323.364,312.88934138397434
2025-08-25,1.87,4.28,120.8298,4045.0,6439.32,323.364,312.88934138397434
2025-08-25,1.87,4.28,120.8298,4045.0,6439.32,,
2025-08-26,1.84,4.26,120.9304,4045.0,6465.94,323.364,312.88934138397434
2025-08-26,1.84,4.26,120.9304,3388.6,6465.94,323.364,312.88934138397434
2025-08-26,1.84,4.26,120.9304,4045.0,6465.94,,
2025-08-27,1.81,4.24,121.1236,4045.0,6481.4,323.364,312.88934138397434
2025-08-27,1.81,4.24,121.1236,4045.0,6481.4,,
2025-08-27,1.81,4.24,121.1236,3404.6,6481.4,323.364,312.88934138397434
2025-08-28,1.81,4.22,120.6537,4045.0,6501.86,323.364,312.88934138397434
2025-08-28,1.81,4.22,120.6537,3431.8,6501.86,323.364,312.88934138397434
2025-08-28,1.81,4.22,120.6537,4045.0,6501.86,,
2025-08-29,1.82,4.23,120.6028,3473.7,6460.26,323.364,312.88934138397434
2025-08-29,1.82,4.23,120.6028,4045.0,6460.26,323.364,312.88934138397434
2025-08-29,1.82,4.23,120.6028,4045.0,6460.26,,
2025-09-01,1.82,4.23,120.6028,4045.0,6460.26,324.368,291.05219047736955
2025-09-01,1.77,4.0,122.235,4045.0,6849.09,324.368,291.05219047736955
2025-09-01,1.82,4.23,120.6028,,6460.26,323.364,312.88934138397434
2025-09-02,1.87,4.28,121.0716,4045.0,6415.54,323.364,312.88934138397434
2025-09-02,1.87,4.28,121.0716,4045.0,6415.54,,
2025-09-02,1.87,4.28,121.0716,3549.4,6415.54,323.364,312.88934138397434
2025-09-02,1.87,4.28,121.0716,4045.0,6415.54,324.368,291.05219047736955
2025-09-03,1.82,4.22,120.9032,3593.2,6448.26,323.364,312.88934138397434
2025-09-03,1.82,4.22,120.9032,4045.0,6448.26,324.368,291.05219047736955
2025-09-03,1.82,4.22,120.9032,4045.0,6448.26,323.364,312.88934138397434
2025-09-03,1.82,4.22,120.9032,4045.0,6448.26,,
2025-09-04,1.79,4.17,121.1565,4045.0,6502.08,323.364,312.88934138397434
2025-09-04,1.79,4.17,121.1565,4045.0,6502.08,,
2025-09-04,1.79,4.17,121.1565,3565.8,6502.08,323.364,312.88934138397434
2025-09-04,1.79,4.17,121.1565,4045.0,6502.08,324.368,291.05219047736955
2025-09-05,1.73,4.1,120.5394,3613.2,6481.5,323.364,312.88934138397434
2025-09-05,1.73,4.1,120.5394,4045.0,6481.5,323.364,312.88934138397434
2025-09-05,1.73,4.1,120.5394,4045.0,6481.5,324.368,291.05219047736955
2025-09-05,1.73,4.1,120.5394,4045.0,6481.5,,
2025-09-08,1.7,4.05,120.5152,3638.1,6495.15,323.364,312.88934138397434
2025-09-08,1.7,4.05,120.5152,4045.0,6495.15,324.368,291.05219047736955
2025-09-08,1.7,4.05,120.5152,4045.0,6495.15,,
2025-09-08,1.7,4.05,120.5152,4045.0,6495.15,323.364,312.88934138397434
2025-09-09,1.72,4.08,120.5746,4045.0,6512.61,324.368,291.05219047736955
2025-09-09,1.72,4.08,120.5746,4045.0,6512.61,,
2025-09-09,1.72,4.08,120.5746,4045.0,6512.61,323.364,312.88934138397434
2025-09-09,1.72,4.08,120.5746,3643.3,6512.61,323.364,312.88934138397434
2025-09-10,1.69,4.04,120.5447,3643.6,6532.04,323.364,312.88934138397434
2025-09-10,1.69,4.04,120.5447,4045.0,6532.04,,
2025-09-10,1.69,4.04,120.5447,4045.0,6532.04,324.368,291.05219047736955
2025-09-10,1.69,4.04,120.5447,4045.0,6532.04,323.364,312.88934138397434
2025-09-11,1.67,4.01,120.381,4045.0,6587.47,,
2025-09-11,1.67,4.01,120.381,4045.0,6587.47,323.364,312.88934138397434
2025-09-11,1.67,4.01,120.381,3636.9,6587.47,323.364,312.88934138397434
2025-09-11,1.67,4.01,120.381,4045.0,6587.47,324.368,291.05219047736955
2025-09-12,1.7,4.06,120.4905,3649.4,6584.29,323.364,312.88934138397434
2025-09-12,1.7,4.06,120.4905,4045.0,6584.29,,
2025-09-12,1.7,4.06,120.4905,4045.0,6584.29,323.364,312.88934138397434
2025-09-12,1.7,4.06,120.4905,4045.0,6584.29,324.368,291.05219047736955
2025-09-15,1.68,4.05,120.0042,3682.2,6615.28,323.364,312.88934138397434
2025-09-15,1.68,4.05,120.0042,4045.0,6615.28,323.364,312.88934138397434
2025-09-15,1.68,4.05,120.0042,4045.0,6615.28,,
2025-09-15,1.68,4.05,120.0042,4045.0,6615.28,324.368,291.05219047736955
2025-09-16,1.67,4.04,119.586,4045.0,6606.76,,
2025-09-16,1.67,4.04,119.586,4045.0,6606.76,324.368,291.05219047736955
2025-09-16,1.67,4.04,119.586,4045.0,6606.76,323.364,312.88934138397434
2025-09-16,1.67,4.04,119.586,3688.9,6606.76,323.364,312.88934138397434
2025-09-17,1.68,4.06,119.6063,3681.8,6600.35,323.364,312.88934138397434
2025-09-17,1.68,4.06,119.6063,4045.0,6600.35,324.368,291.05219047736955
2025-09-17,1.68,4.06,119.6063,4045.0,6600.35,,
2025-09-17,1.68,4.06,119.6063,4045.0,6600.35,323.364,312.88934138397434
2025-09-18,1.73,4.11,120.0986,3643.7,6631.96,323.364,312.88934138397434
2025-09-18,1.73,4.11,120.0986,4045.0,6631.96,323.364,312.88934138397434
2025-09-18,1.73,4.11,120.0986,4045.0,6631.96,,
2025-09-18,1.73,4.11,120.0986,4045.0,6631.96,324.368,291.05219047736955
2025-09-19,1.75,4.14,120.2166,4045.0,6664.36,323.364,312.88934138397434
2025-09-19,1.75,4.14,120.2166,3671.5,6664.36,323.364,312.88934138397434
2025-09-19,1.75,4.14,120.2166,4045.0,6664.36,324.368,291.05219047736955
2025-09-19,1.75,4.14,120.2166,4045.0,6664.36,,
2025-09-22,1.78,4.15,120.2461,3740.7,6693.75,323.364,312.88934138397434
2025-09-22,1.78,4.15,120.2461,4045.0,6693.75,324.368,291.05219047736955
2025-09-22,1.78,4.15,120.2461,4045.0,6693.75,,
2025-09-22,1.78,4.15,120.2461,4045.0,6693.75,323.364,312.88934138397434
2025-09-23,1.75,4.12,120.0568,4045.0,6656.92,,
2025-09-23,1.75,4.12,120.0568,4045.0,6656.92,323.364,312.88934138397434
2025-09-23,1.75,4.12,120.0568,4045.0,6656.92,324.368,291.05219047736955
2025-09-23,1.75,4.12,120.0568,3780.6,6656.92,323.364,312.88934138397434
2025-09-24,1.78,4.16,120.6024,4045.0,6637.97,,
2025-09-24,1.78,4.16,120.6024,4045.0,6637.97,324.368,291.05219047736955
2025-09-24,1.78,4.16,120.6024,4045.0,6637.97,323.364,312.88934138397434
2025-09-24,1.78,4.16,120.6024,3732.1,6637.97,323.364,312.88934138397434
2025-09-25,1.8,4.18,120.9635,3736.9,6604.72,323.364,312.88934138397434
2025-09-25,1.8,4.18,120.9635,4045.0,6604.72,323.364,312.88934138397434
2025-09-25,1.8,4.18,120.9635,4045.0,6604.72,324.368,291.05219047736955
2025-09-25,1.8,4.18,120.9635,4045.0,6604.72,,
2025-09-26,1.82,4.2,120.8615,4045.0,6643.7,,
2025-09-26,1.82,4.2,120.8615,4045.0,6643.7,323.364,312.88934138397434
2025-09-26,1.82,4.2,120.8615,4045.0,6643.7,324.368,291.05219047736955
2025-09-26,1.82,4.2,120.8615,3775.3,6643.7,323.364,312.88934138397434
2025-09-29,1.8,4.15,120.5403,4045.0,6661.21,324.368,291.05219047736955
2025-09-29,1.8,4.15,120.5403,4045.0,6661.21,,
2025-09-29,1.8,4.15,120.5403,3820.9,6661.21,323.364,312.88934138397434
2025-09-29,1.8,4.15,120.5403,4045.0,6661.21,323.364,312.88934138397434
2025-09-30,1.8,4.16,120.5624,3840.8,6688.46,323.364,312.88934138397434
2025-09-30,1.8,4.16,120.5624,4045.0,6688.46,324.368,291.05219047736955
2025-09-30,1.8,4.16,120.5624,4045.0,6688.46,,
2025-09-30,1.8,4.16,120.5624,4045.0,6688.46,323.364,312.88934138397434
2025-10-01,1.9,4.14,119.8529,4045.0,6845.5,,404.5629347054088
2025-10-01,1.77,4.12,120.5782,4045.0,6711.2,,
2025-10-01,1.77,4.12,120.5782,4045.0,6711.2,323.364,312.88934138397434
2025-10-01,1.77,4.12,120.5782,3867.5,6711.2,323.364,312.88934138397434
2025-10-01,1.77,4.12,120.5782,4045.0,6711.2,324.368,291.05219047736955
2025-10-02,1.76,4.1,120.844,4045.0,6715.35,324.368,291.05219047736955
2025-10-02,1.76,4.1,120.844,4045.0,6715.35,,
2025-10-02,1.76,4.1,120.844,4045.0,6715.35,323.364,312.88934138397434
2025-10-02,1.76,4.1,120.844,3839.7,6715.35,323.364,312.88934138397434
2025-10-03,1.8,4.13,120.5163,4045.0,6715.79,,
2025-10-03,1.8,4.13,120.5163,3880.8,6715.79,323.364,312.88934138397434
2025-10-03,1.8,4.13,120.5163,4045.0,6715.79,323.364,312.88934138397434
2025-10-03,1.8,4.13,120.5163,4045.0,6715.79,324.368,291.05219047736955
2025-10-06,1.84,4.18,120.7028,4045.0,6740.28,323.364,312.88934138397434
2025-10-06,1.84,4.18,120.7028,4045.0,6740.28,,
2025-10-06,1.84,4.18,120.7028,4045.0,6740.28,324.368,291.05219047736955
2025-10-06,1.84,4.18,120.5163,4045.0,6740.28,323.364,312.88934138397434
2025-10-06,1.84,4.18,120.5163,3948.5,6740.28,323.364,312.88934138397434
2025-10-07,1.79,4.14,120.9097,4045.0,6714.59,,
2025-10-07,1.79,4.14,120.9097,4045.0,6714.59,324.368,291.05219047736955
2025-10-07,1.79,4.14,120.5163,3976.6,6714.59,323.364,312.88934138397434
2025-10-07,1.79,4.14,120.5163,4045.0,6714.59,323.364,312.88934138397434
2025-10-07,1.79,4.14,120.9097,4045.0,6714.59,323.364,312.88934138397434
2025-10-08,1.78,4.13,121.1884,4045.0,6753.72,323.364,312.88934138397434
2025-10-08,1.78,4.13,121.1884,4045.0,6753.72,,
2025-10-08,1.78,4.13,121.1884,4045.0,6753.72,324.368,291.05219047736955
2025-10-09,1.8,4.14,121.4965,4045.0,6735.11,,
2025-10-09,1.8,4.14,121.4965,4045.0,6735.11,324.368,291.05219047736955
2025-10-09,1.8,4.14,121.4965,4045.0,6735.11,323.364,312.88934138397434
2025-10-10,1.75,4.05,121.5217,4045.0,6552.51,323.364,312.88934138397434
2025-10-10,1.75,4.05,121.5217,4045.0,6552.51,324.368,291.05219047736955
2025-10-10,1.75,4.05,121.5217,4045.0,6552.51,,
2025-10-13,1.75,4.05,121.5217,4045.0,6654.72,323.364,312.88934138397434
2025-10-13,1.75,4.05,121.5217,4045.0,6654.72,,
2025-10-13,1.75,4.05,121.5217,4045.0,6654.72,324.368,291.05219047736955
2025-10-14,1.73,4.03,121.5815,4045.0,6644.31,324.368,291.05219047736955
2025-10-14,1.73,4.03,121.5815,4045.0,6644.31,,
2025-10-14,1.73,4.03,121.5217,4045.0,6644.31,323.364,312.88934138397434
2025-10-15,1.73,4.03,121.5217,4045.0,6671.06,323.364,312.88934138397434
2025-10-15,1.76,4.05,121.2669,4045.0,6671.06,,
2025-10-15,1.76,4.05,121.2669,4045.0,6671.06,324.368,291.05219047736955
2025-10-16,1.71,3.99,121.0834,4045.0,6629.07,324.368,291.05219047736955
2025-10-16,1.71,3.99,121.0834,4045.0,6629.07,,
2025-10-17,1.75,4.02,121.1218,4045.0,6664.01,324.368,291.05219047736955
2025-10-17,1.75,4.02,121.1218,4045.0,6664.01,,
2025-10-20,1.74,4.0,121.0394,4045.0,6735.13,324.368,291.05219047736955
2025-10-20,1.74,4.0,121.0394,4045.0,6735.13,,
2025-10-21,1.7,3.98,121.302,4045.0,6735.35,,
2025-10-21,1.7,3.98,121.302,4045.0,6735.35,324.368,291.05219047736955
2025-10-22,1.68,3.97,121.3075,4045.0,6699.4,324.368,291.05219047736955
2025-10-22,1.68,3.97,121.3075,4045.0,6699.4,,
2025-10-23,1.71,4.01,121.3633,4045.0,6738.44,324.368,291.05219047736955
2025-10-23,1.71,4.01,121.3633,4045.0,6738.44,,
2025-10-24,1.73,4.02,121.342,4045.0,6791.69,,
2025-10-24,1.73,4.02,121.342,4045.0,6791.69,324.368,291.05219047736955
2025-10-27,1.73,4.01,121.342,4045.0,6875.16,324.368,291.05219047736955
2025-10-27,1.73,4.01,121.2002,4045.0,6875.16,,
2025-10-28,1.71,3.99,121.0349,4045.0,6890.89,,
2025-10-28,1.71,3.99,121.342,4045.0,6890.89,324.368,291.05219047736955
2025-10-29,1.78,4.08,121.342,4045.0,6890.59,324.368,291.05219047736955
2025-10-29,1.78,4.08,120.929,4045.0,6890.59,,
2025-10-30,1.82,4.11,121.665,4045.0,6822.34,,
2025-10-30,1.82,4.11,121.342,4045.0,6822.34,324.368,291.05219047736955
2025-10-31,1.81,4.11,121.7715,4045.0,6840.2,,
2025-10-31,1.82,4.11,121.342,4045.0,6840.2,324.368,291.05219047736955
2025-11-01,1.9,4.14,119.8529,4045.0,6845.5,325.031,404.5629347054088
2025-11-03,1.82,4.13,121.8422,4045.0,6851.97,,
2025-11-04,1.81,4.1,122.2066,4045.0,6771.55,,
2025-11-05,1.87,4.17,122.2295,4045.0,6796.29,,
2025-11-06,1.83,4.11,122.0788,4045.0,6720.32,,
2025-11-07,1.83,4.11,121.7835,4045.0,6728.8,,
2025-11-10,1.84,4.13,121.6932,4045.0,6832.43,,
2025-11-11,1.84,4.13,121.6932,4045.0,6846.61,,
2025-11-12,1.81,4.08,121.4459,4045.0,6850.92,,
2025-11-13,1.83,4.11,121.1756,4045.0,6737.49,,
2025-11-14,1.86,4.14,121.363,4045.0,6734.11,,
2025-11-17,1.85,4.13,121.5131,4045.0,6672.41,,
2025-11-18,1.85,4.12,121.6042,4045.0,6617.32,,
2025-11-19,1.86,4.13,121.8845,4045.0,6642.16,,
2025-11-20,1.86,4.1,122.0735,4045.0,6538.76,,
2025-11-21,1.82,4.06,122.235,4045.0,6602.99,,
2025-11-24,1.81,4.04,122.235,4045.0,6705.12,,
2025-11-24,1.81,4.04,122.2833,4045.0,6705.12,,
2025-11-25,1.79,4.01,122.235,4045.0,6765.88,,
2025-11-25,1.79,4.01,122.0044,4045.0,6765.88,,
2025-11-26,1.77,4.0,122.235,4045.0,6812.61,,
2025-11-26,1.77,4.0,121.6225,4045.0,6812.61,,
2025-11-28,1.77,4.0,122.235,4045.0,6849.09,,
2025-11-28,1.79,4.02,121.4288,4045.0,6849.09,,
2025-12-01,1.85,4.09,121.3615,4045.0,6812.63,,
2025-12-02,1.85,4.09,121.5149,4045.0,6829.37,,
2025-12-03,1.82,4.06,121.1131,4045.0,6849.72,,
2025-12-04,1.85,4.11,121.0614,4045.0,6857.12,,
2025-12-05,1.88,4.14,121.0615,4045.0,6870.4,,
2025-12-08,1.91,4.17,121.1478,4045.0,6846.51,,
2025-12-09,1.92,4.18,121.0601,4045.0,6840.51,,
2025-12-10,1.88,4.13,121.0557,4045.0,6886.68,,
2025-12-11,1.89,4.14,120.3821,4045.0,6901.0,,
2025-12-12,1.93,4.19,120.5383,4045.0,6827.41,,
2025-12-15,1.93,4.18,120.3501,4045.0,6816.51,,
2025-12-16,1.92,4.15,120.283,4045.0,6800.26,,
2025-12-17,1.92,4.16,120.5451,4045.0,6721.43,,
2025-12-18,1.88,4.12,120.4409,4045.0,6774.76,,
2025-12-19,1.92,4.16,120.5571,4045.0,6834.5,,
2025-12-22,1.94,4.17,120.3816,4045.0,6878.49,,
2025-12-23,1.94,4.18,120.098,4045.0,6909.79,,
2025-12-24,1.91,4.15,119.8262,4045.0,6932.05,,
2025-12-26,1.91,4.14,119.8529,4045.0,6929.94,,
2025-12-29,1.9,4.12,119.8529,4045.0,6905.74,,
2025-12-30,1.9,4.14,119.8529,4045.0,6896.24,,
2025-12-31,1.9,4.14,119.8529,4045.0,6845.5,,
